{
    "unitId": "a64b82a0-73db-11ea-9ca9-e56bb32f5931",
    "patientId": "a64ce230-73db-11ea-9ca9-e56bb32f5931",
    "first_name" : "Rami",
    "last4Digit" : "0733",
    "age": 53,
    "weight": 79.9570723089862,
    "gender": "Male",
    "timeTag": "2020-04-01 08:43:01.309680",
    "vendor": "EarlySense",
    "audioPath": "path to audio on cloud",
    "primery_priority": {
        "pulse": 53.9782048096756,
        "fev1": 60.6551240000595,
        "fvc": 70.8259074684175,
        "tlc": 5.299691954218364,
        "rv": 1.5,
        "erv": 0.7774951726718935,
        "frc": 2.2774951726718939,
        "breath_rate": 10,
        "wheezing": true,
        "cough_presence_rate": 3
    },
    "secondery_priority": {
        "fever": 35,
        "bpm": 104.77962601286034,
        "rpmf": 69,
        "saturation": 92.5497189686849,
        "blood_pressure_h": 105.53040926622532,
        "blood_pressure_l": 78.56628638318611
    }
}